缺陷ID,项目,模块,子模块,缺陷标题,缺陷等级,缺陷类型,环境,前置条件,复现步骤,实际结果,期望结果,是否必现,发现人,指派给,发现日期,状态,关闭日期,回归结果,备注,所属用例
BUG-EMS-0001,EMS-V2.0,学员管理,权限,数据权限-销售账号可以看到其他校区的学员详情,严重,越权,SIT CentOS Chrome 125,1.销售账号sales01=东葛校区 2.系统存在琅东校区学员ID=20001,1.sales01登录 2.在学员列表搜索琅东学员关键字 3.搜索不到后 直接改URL /#/student/20001 4.进入详情页,1.成功访问到学员20001 所有信息（姓名、手机、家长、课时余额） 2.可以看到完整手机号、身份证号 3.可以进行编辑、跟进操作,1.访问非本人权限学员返回403或提示无权限 2.脱敏+操作按钮不显示,是,苏绍彰,后端-李工,2025-06-19,已关闭,2025-06-20,通过,服务端接口必须二次校验数据归属，不能只靠前端菜单过滤,ZW-EMS-M02-0013
BUG-EMS-0002,EMS-V2.0,报名缴费,优惠计算,满减边界值：1999元不触发 但2000元没有减200（1999和2000一样都不触发）,严重,计算错误,SIT MySQL8,配置了活动：单笔报名满2000减200,1.课时19=1900 看实付 2.课时20=2000 看实付,1.1900实付=1900（正确不触发） 2.2000实付=2000（没有减200 错误！）,2000应该实付1800,是,苏绍彰,后端-陈工,2025-06-20,已关闭,2025-06-21,通过,后端代码中判断条件写的 >2000 不是 >=2000,ZW-EMS-M04-0002
BUG-EMS-0003,EMS-V2.0,学员管理,档案,删除有订单的学员 提示信息不正确且删除失败后 列表状态变了（软删除）,致命,数据一致性,SIT,学员ID=3001 已有2笔报名缴费记录,1.在学员列表选中3001 2.点删除 3.确认"确定删除",1.弹窗后 学员3001在列表消失了 2.去回收站也没有 3.去DB看 deleted=1 但订单还在 4.财务报表 订单关联不到学员了 导致外键关联异常,1.存在关联订单的学员禁止删除（物理/软都不允许） 2.提示："该学员存在报名缴费记录，请先【结业】或【退费】再处理",是,苏绍彰,后端-开发负责人,2025-06-20,已关闭,2025-06-22,通过,先判断再删除 并且事务包裹,ZW-EMS-M02-0025
BUG-EMS-0004,EMS-V2.0,报名缴费,订单列表,销售sales01账号 在订单列表可以看到所有订单的实付金额（未脱敏）,严重,安全/脱敏,SIT Chrome,角色定义：销售只能看到是否已缴费 看不到金额,1.sales01登录 2.进入订单列表 3.看payAmount列 4.导出CSV,1.看到每个订单具体金额 2.导出的CSV金额也是明文,1.sales角色看到金额显示为 **** 2.导出csv金额字段留空或****,是,苏绍彰,前端-张工,2025-06-21,已关闭,2025-06-22,通过,前端+后端双重脱敏 后端返回null,ZW-EMS-M04-0037
BUG-EMS-0005,EMS-V2.0,智能排课,冲突检测,同教师同时间段 两个班都排入成功（教师时间冲突没检测出来）,严重,业务规则,SIT,教师T001 周六10:00-12:00 已排数学班,1.自动排课 2.英语班也指定教师T001 周六10:00-12:00 3.保存,1.系统没有任何冲突提示 2.两个班课都显示排课成功 3.教师课表出现了两个同时段的课,1.保存前校验冲突 提示："教师XXX 周六10:00-12:00 已被占用，无法排入",是,苏绍彰,后端-算法组,2025-06-22,已关闭,2025-06-25,通过,SQL查询教师时段重叠条件 漏掉了 边界时间相等,ZW-EMS-M04-0049 / ZW-API-066
BUG-EMS-0006,EMS-V2.0,学员管理,新增,保存按钮防抖无效 快速双击保存按钮 创建了2条一样的学员,一般,功能缺陷,SIT Chrome 快速点击,正常权限 新增页面打开,1.快速用鼠标左键双击【保存】按钮 2次 间隔<100ms 2.回到学员列表,1.列表出现了2条一模一样（手机号、姓名一样）学员2个ID 2.数据库 2条记录 手机号未做唯一约束时 重复数据,1.只创建1条记录 2.按钮在loading期间不可再点,偶发(80%),苏绍彰,前端-张工,2025-06-22,已关闭,2025-06-23,通过,前端按钮防抖+后端唯一索引双保险,ZW-EMS-M02-0057
BUG-EMS-0007,EMS-V2.0,学员管理,详情,学员身份证号/手机号 普通角色查看详情 不脱敏（完全显示）,严重,安全-隐私合规,SIT Firefox,1.销售sales01登录 2.存在学员详情有手机号138****0000 身份证号450101201001010011,1.打开学员详情页 2.查看手机号、身份证号字段,1.完全显示 138****0000 和完整身份证号 违反《个人信息保护法》最小必要原则,1.显示为 138****8001  2.身份证号 4501**********0011  3.超级管理员角色才可看全号,是,苏绍彰,前端+后端,2025-06-23,已关闭,2025-06-24,通过,服务端返回VO类中加脱敏注解 @Desensitize,ZW-EMS-M02-0061 / ZW-API-032
BUG-EMS-0008,EMS-V2.0,权限管理,数据权限,跨校区学员 东葛校区销售sales01 将学员 归属校区修改为 琅东后 sales01还能看到并编辑该学员（权限未实时生效）,一般,权限,SIT,学员30001 原校区=东葛，归属人=sales01,1.sales01登录 编辑学员30001 2.修改校区字段为琅东 3.保存成功 4.刷新学员列表,1.sales01列表仍然显示学员30001 2.详情可继续编辑 3.操作权限未随校区切换同步,1.修改归属校区后 原销售无法再看到、编辑该学员 2.琅东对应销售自动可见,是,苏绍彰,后端-权限组,2025-06-23,已关闭,2025-06-25,通过,权限AOP切面每次查询都要过滤 不要用缓存的用户校区,ZW-EMS-M02-0049 / ZW-API-027
BUG-EMS-0009,EMS-V2.0,报名缴费,退费,财务报表 有退费的订单 营收日报 当天总金额 没有减掉退费金额（收入虚高）,严重,财务数据错误,SIT DB验证,6月20日 收10万 退费2万,1.查日报表 6月20日的总营收、净收入,1.日报表总营收=10万 净收入=10万 退费部分没有扣除,1.总营收=10万 总退费=2万 当日净收入=8万 3个字段都要明确,是,苏绍彰,后端-财务组,2025-06-24,已关闭,2025-06-26,通过,报表SQL少了LEFT JOIN 退费表sum,ZW-EMS-M04-0036
BUG-EMS-0010,EMS-V2.0,学员管理,导入,学员导入Excel 模板填错的行 只提示"部分失败" 不知道第几行、什么错误,一般,体验,SIT Excel 10条 含错误,模板准备：第5行手机号10位 第8行姓名空,1.后台导入 2.等待导入结束,1.提示："导入成功8条 失败2条" 没有明细 无法定位具体,1.导入结果明细 展示 第5行：手机号格式不正确（10位） 第8行：姓名为空 2.可下载失败明细Excel 给操作人修正,是,苏绍彰,后端-李工,2025-06-24,已关闭,2025-06-27,通过,导入返回List<错误行号+字段+原因>,ZW-EMS-M02-0027
BUG-EMS-0011,EMS-V2.0,报名缴费,创建订单,同一订单 两个销售页面同时提交 并发下 1个订单扣减了2次库存（班级名额减少2）,严重,并发,SIT 2浏览器,班级剩余名额=3 数学班课,1.浏览器A sales01选择该班级 停在提交前 2.浏览器B sales02同样选择该班级 3.用Fiddler断点同时释放POST请求,1.接口都返回成功 2.DB班级名额：3→1（减少了2 应该减1） 3.订单创建了2个不同订单号,1.只允许1个成功另1个返回名额不足 2.数据库行级锁或乐观锁保证一致性,是（并发）,苏绍彰,后端-开发负责人,2025-06-25,已关闭,2025-06-28,通过,SQL加上乐观锁 version字段 + Redis 分布式锁双保险,ZW-EMS-M04-0013 / 并发用例
BUG-EMS-0012,EMS-V2.0,财务报表,日报,权责发生制：课消收入确认 显示为"现金收付制"（把预收全部算当月收入）,严重,财务合规,SIT 6月 某学员20课时=2000 消耗了5节,查6月报表,1.当月收入栏2000全算进去了,1.确认收入=5节课=500 2.预收账款=15节课=1500 2个科目,是,苏绍彰,后端-财务组,2025-06-26,已关闭,2025-06-29,通过,财务口径必须按消耗课时确认收入,ZW-EMS-M04-0124
BUG-EMS-0013,EMS-V2.0,权限登录,安全,忘记密码/验证码接口 同一个手机号 1分钟内可以请求100+次 无任何限流,严重,安全-被刷,SIT Postman脚本,手机号 138****0000,1.写for循环 连续发100次 发送验证码接口,1.100次全部成功返回 code=0 2.短信网关被扣费100条（测试环境模拟）,1.1分钟同手机号最多3次 2.同IP 1分钟>10次 加图形验证码,是,苏绍彰,后端-安全组,2025-06-26,已关闭,2025-06-28,通过,Redis滑动窗口限流+Spring Cloud Gateway 全局限流,ZW-API-123
BUG-EMS-0014,EMS-V2.0,通用上传,文件,学员附件上传 .exe .php .jspx文件可以成功上传 并可以通过URL直接访问,致命,安全-上传漏洞,SIT 构造木马,任意账号有新增学员权限,1.学员详情→附件上传 2.选择 1.php 内容一句话木马 3.上传 4.点击文件URL访问,1.文件上传成功 有返回URL 2.访问URL 服务器执行PHP脚本（测试环境证实已解析）,1.上传文件必须白名单：jpg/png/pdf/doc/docx/xlsx 仅这几种 2.服务器上传目录禁止脚本执行 3.文件重命名+存COS,是,苏绍彰,运维+后端,2025-06-27,已关闭,2025-06-29,通过,Nginx 上传目录 禁止执行+后端白名单校验扩展名+文件头魔数,ZW-API-100
BUG-EMS-0015,EMS-V2.0,权限登录,防暴破,5次密码错误锁定策略 只在前端写了死 后端无任何校验,严重,安全,SIT Burp Intruder,账号admin 已知用户名,1.用Burp Intruder 发送 密码字典 200个,1.200个请求全部返回 正常响应 没有被锁定 2.后端没做计数,1.后端Redis计数 10分钟内5次错误锁定账号30分钟 并记录登录日志,是,苏绍彰,后端-安全,2025-06-27,已关闭,2025-06-30,通过,登录失败后写入Redis key=login_fail:{username} TTL=600s 5次就锁,ZW-API-004
BUG-EMS-0016,EMS-V2.0,性能,登录接口,100并发 登录接口 P95=3.28秒 TPS=142 不满足SLA ≥200 TPS,严重,性能,PERF 8C16G×3,JMeter 100并发,1.JMeter发起 2.POST /api/auth/login 持续10分钟,1.TPS最高到142 瓶颈 2.P95 3.28s 超目标,1.≥200 TPS P95 ≤2s,是,苏绍彰,全组调优,2025-07-21,已关闭,2025-08-01,通过,权限菜单加入Redis缓存+HikariCP连接池从20调80,性能调优报告
BUG-EMS-0017,EMS-V2.0,性能,报名缴费接口,500并发 报名接口 TPS=38 P95=6.8s 严重不达标,致命,性能,PERF,额定并发压测,基准脚本+500u,1.JMeter 500线程 3阶段加压,1.TPS=38且持续下降 2.应用服务器CPU 95% GC频繁,1.TPS≥200 P95≤3s,是,苏绍彰,全组调优,2025-07-21,已关闭,2025-08-01,通过,HashMap→ConcurrentHashMap+课程/优惠券Caffeine二级缓存+大事务拆分MQ异步,性能报告第3章
BUG-EMS-0018,EMS-V2.0,性能,财务报表,500并发 报表查询P95=12.44秒 超时,SLA=5s,严重,性能,PERF,额定并发压测,报表接口压测脚本,1.JMeter并发,1.大量SQL慢查询filesort 2.主库压力大,1.P95≤5s,是,苏绍彰,DBADBA顾问,2025-07-21,已关闭,2025-08-01,通过,联合覆盖索引+SQL改写JOIN+读从库+预计算报表表,性能报告
BUG-EMS-0019,EMS-V2.0,学员管理,列表,学员列表-翻页第1页选中3条 到第2页选2条 返回第1页 第1页选中的没了,一般,体验,SIT Chrome,学员数据≥20,1.第1页 勾选 3条 2.点分页第2页 勾选2条 3.返回第1页,1.第1页勾选全清空了 2.批量删除只能操作当前页的,1.跨页选中状态保留 2.批量操作 顶部显示已选5条 能清除,是,苏绍彰,前端-张工,2025-06-28,已关闭,2025-07-01,通过,Vuex持久化跨页选中的Set集合,ZW-EMS-M02-0059
BUG-EMS-0020,EMS-V2.0,报名缴费,优惠叠加,首单9折 + 满2000-200 叠加顺序错误：先满减再9折 导致公司少收20元/单,严重,计算错误,SIT,新学员 首单 20课时=2000 产品规则：先折扣再满减（优惠金额最小化 公司利益最大）,1.新学员报名20课时 2.优惠首单9折自动应用 满减规则也在 3.看实付,1.前端显示实付=1620（算法：2000-200=1800 ×0.9=1620）,1.实付=1800（算法：2000×0.9=1800 → 不满2000 不再满减 ）,是,苏绍彰,产品+后端,2025-06-28,已关闭,2025-07-01,通过,按产品规定的先后顺序：首单→续费→券→满减,ZW-EMS-M04-0100
BUG-EMS-0021,EMS-V2.0,小程序,报名,小程序家长端 支付成功 关闭微信返回小程序 订单状态还显示"待支付" 得手动刷新,一般,体验,微信8.0.49 iOS 17,小程序 选20课时 点支付,1.支付成功 点【完成】返回小程序 2.看我的订单,1.订单条状态=待支付 2.下拉刷新才变成已支付,1.支付成功返回小程序 立刻轮询/回调刷新订单状态为已支付 显示支付成功弹窗,偶发(60%),苏绍彰,小程序-林工,2025-06-29,已关闭,2025-07-02,通过,返回页面时 onShow事件触发 queryOrderStatus 最多3次最多3秒,小程序相关
BUG-EMS-0022,EMS-V2.0,教师H5,考勤,教师考勤打卡 定位允许设置模拟位置,一般,业务规则,SIT 安卓14 模拟定位APP,教师账号 定位距校区10km 通过FakeGPS设置到校区门口,1.打开H5 2.点击考勤打卡,1.显示"距离30米 打卡成功",1.需要检测是否模拟位置：安卓模拟器/FakeGPS 返回"请关闭模拟位置" 或使用基站+WiFi综合定位,偶发,苏绍彰,移动端组,2025-06-29,待验证,2025-07-03,已验证通过,Android端加入isFromMockProvider检测 苹果则用额外签名校验,ZW-API-073
BUG-EMS-0023,EMS-V2.0,系统设置,操作日志,敏感操作（批量删除50条学员、退费1万以上） 没有二次确认（密码验证）,一般,安全合规,SIT,管理员登录 学员50条,1.学员列表勾选50条 2.点删除 3.直接弹窗确认 4.就删成功,1.只点了一次确认就删掉了 50条 2.无任何二次验证,1.达到阈值（>20条/退费>2000元）必须输入登录密码 + 短信验证码双因子认证,是,苏绍彰,后端+前端,2025-06-30,已关闭,2025-07-03,通过,加入敏感操作二次验证 @SensitiveOp 注解AOP拦截,ZW-EMS-M02-0168
BUG-EMS-0024,EMS-V2.0,报名缴费,支付回调,微信支付回调XXE漏洞存在：提交包含外部实体的XML 读取服务器文件,致命,安全-XXE,SIT,测试用XXE payload,POST回调接口 body为恶意DOCTYPE实体,1.抓包 response 响应中 显示了/etc/passwd中的内容或报错堆栈包含root,1.响应固定SUCCESS FAIL XML 不解析外部实体 2.禁用DTD,是,苏绍彰,安全,2025-07-01,已关闭,2025-07-02,通过,SAXParserFactory setFeature DISALLOW_DOCTYPE_DECL=true,ZW-API-112 / test_api_enrollment XXE用例
BUG-EMS-0025,EMS-V2.0,学员管理,报表,学员转校区（东葛→琅东） 东葛7月历史报表 学员订单金额也一起被移走了 导致7月报和已结账数据对不上,严重,财务-关账,SIT DB,7月东葛已结账关账 8月做了学员转校区,1.8月 学员A 从东葛转至琅东 2.重新看 东葛 7月 营收报表 3.对比上月已结账PDF,1.7月报表 金额比7月结账时 少了学员A那笔（2000元） 2.财务7月账不平,1.学员转校区：新产生的订单归属琅东，历史订单归属、报表统计必须仍留原校区（关账的历史报表不得变动）,是,苏绍彰,后端-财务,2025-07-02,已关闭,2025-07-05,通过,报表SQL中 归属校区=订单创建时的校区（快照字段）而非学员当前校区,ZW-EMS-M02-0087
BUG-EMS-0026,EMS-V2.0,报名缴费,订单,订单创建成功后 查询接口 返回订单号 存在高并发下 订单号重复（1小时内发现2单）,严重,唯一约束,SIT 并发压测,JMeter 300并发 跑报名接口,1.跑完 25万订单 2.查订单号重复count,1.发现2个订单号相同 ZW20250630001245 重复了 2次,1.订单号生成必须加数据库唯一索引 2.高并发下Redis原子递增保证唯一,偶发,苏绍彰,后端,2025-07-03,已关闭,2025-07-06,通过,订单号改为 Redis INCR 自增6位+日期+snowflake workerId,ZW-EMS-M02-0076
BUG-EMS-0027,EMS-V2.0,权限登录,接口越权,学员列表接口 sales01 的token 但请求中修改请求参数 followUserId=2 to =1(admin),一般,越权,SIT Burp Repeater,sales01登录 拿token GET /api/student/list?followUserId=1,1.Burp 改参数 followUserId=1（管理员跟进的） 2.发送请求,1.返回了管理员跟进的学员列表 包含本不该看到的100条学员,1.服务端忽略前端传来的followUserId 参数 强制用token解析出的用户角色/校区过滤,是,苏绍彰,后端-权限,2025-07-04,已关闭,2025-07-06,通过,数据权限@DataScope注解AOP 强制替换查询条件,ZW-API-015
BUG-EMS-0028,EMS-V2.0,学员管理,导入,大数据量导入5万条Excel 进行到3.2万条 前端超时 前端提示失败 但后台仍继续导入 最终数据不一致,一般,异步,SIT Nginx 超时60s,5万条Excel导入,1.导入5万条xlsx 2.等待,1.过了60s 前端显示504 2.但10分钟后DB中出现了5万条 3.用户以为失败 再导入一次 变成10万条重复,1.大导入走异步任务+任务ID 2.前端轮询任务状态 3.任务ID也加入幂等校验,是,苏绍彰,前后端,2025-07-05,已关闭,2025-07-08,通过,@Async异步+MQ导入+任务状态表,ZW-EMS-M02-0074
BUG-EMS-0029,EMS-V2.0,学员管理,家长消息,学员余额不足10课时 触发提醒 余额=10 又消耗1=9 同一条消息 发了3次给家长（模板消息+站内信+短信各1条算3次，但实际模板消息发了3次）,轻微,体验,SIT 家长微信绑定,学员A剩余课时=10 刚好扣一节,1.老师考勤扣减1课时 2.查微信通知发送记录,1.模板消息 3条记录 同一内容 发送时间差1秒 2.家长收到3条重复消息,1.每个事件 每种渠道 只发1条 消息幂等去重 key=studentId+eventType+day,偶发,苏绍彰,后端-消息,2025-07-06,已关闭,2025-07-09,通过,消费前先 setnx msgIdempotent:{key} 10s 成功才发,ZW-EMS-M02-0157
BUG-EMS-0030,EMS-V2.0,小程序,请假,小程序请假 距离上课不足2小时 系统提示不允许请假 但后台数据库请假记录已经插进去了 状态=待审核 老师还是收到提醒,一般,数据一致性,SIT 小程序+后台,课程 15:00 现在=13:30（差1.5h）,1.小程序 发起请假 2.提示"不足2h 不予请假",1.查后台：请假表1条已插入 老师收到了请假待审核提醒 2.与提示不符,1.规则不通过时 事务回滚 既不入库也不发消息,是,苏绍彰,后端,2025-07-07,已关闭,2025-07-09,通过,把规则校验放到Service最前 且 消息发送要@TransactionalEventListener phase=AFTER_COMMIT,ZW-API-094
BUG-EMS-0031,EMS-V2.0,报名缴费,退费,退费时 原路返回组合支付 微信支付部分手续费 退费从商家承担的手续费 计算错了,一般,财务,SIT 组合支付订单,订单 微信1000 + 余额800 = 1800 手续费微信扣了6元,1.全额退费 2.查看微信退款和手续费明细 3.查财务对账,1.微信退款实际退1000 但报表中 手续费冲销 算了 10.8元（按1800算的）,1.按各渠道实际手续费 原路冲销对应,是,苏绍彰,后端-财务,2025-07-08,待验证,2025-07-10,已验证,支付流水需要按渠道分开存 退费按渠道分别冲销,ZW-EMS-M04-0018
BUG-EMS-0032,EMS-V2.0,系统设置,字典,字典删除后 历史数据显示dictId 不显示对应名称,一般,体验,SIT,字典-来源 存在 原id=5=地推 然后被管理员删了,1.删除字典项id=5 2.看学员列表来源列 学员来源是地推 也就是 id=5,1.学员列表显示"5"（数字dictId）不显示任何名称 2.用户看不懂,1.历史数据采用字典值快照(冗余存name) 或 已被引用的字典不允许删除只可停用,是,苏绍彰,后端+前端,2025-07-09,已关闭,2025-07-11,通过,字典表 加入 status 字段 停用而非物理删除,通用-字典
BUG-EMS-0033,EMS-V2.0,小程序,绑定,验证码 同一个验证码 可以被使用多次（5次尝试全通过）,严重,安全,SIT 脚本,拿到一个正确的code,1.脚本发送50次 绑定接口 带同 code,1.前50次 全部成功通过（code未被消费）,1.一个验证码 仅能使用一次 使用后立刻置为已使用,是,苏绍彰,后端,2025-07-10,已关闭,2025-07-11,通过,Redis存储 code_status:{code}=UNUSED 验证成功转USED 原子Lua,ZW-API-121
BUG-EMS-0034,EMS-V2.0,学员管理,批量操作,批量分配跟进人 100个学员ID中 有1个被删的无效ID 事务全部回滚100个都没有分配成功,一般,体验,SIT,99有效+1无效ID,1.选中 99个真实+1个无效 一起提交批量分配,1.HTTP 500 返回失败 2.去DB看 99个都没生效,1.部分成功部分失败：返回json {success:99,failed:1,failedIds:[xxx原因]},是,苏绍彰,后端,2025-07-11,待验证,2025-07-13,通过,拆批处理 + saveBatch 事务改成单条捕获异常收集,ZW-API-087
BUG-EMS-0035,EMS-V2.0,学员管理,档案,学员生日 6月15日（今天是 6月15日 年龄=8岁整 但系统显示7岁（生日当天未+1）,轻微,计算,SIT,生日=2017-06-15 今天=2025-06-15,1.学员详情 年龄,1.年龄显示7岁,1.年龄=8岁 生日当天满周岁,是,苏绍彰,后端,2025-07-12,已关闭,2025-07-13,通过,年龄算法 ChronoUnit.YEARS.between(birth, today) 改 Period + 判断月日,ZW-EMS-M02-0056
BUG-EMS-0036,EMS-V2.0,财务,对账,报名缴费成功了 但支付流水没有 订单状态已支付 查流水表 缺失对应记录 对账任务没发现,严重,资金,SIT 人工造异常场景,插入 订单状态=已支付 但 流水表无此订单号,1.凌晨2:00 对账定时任务跑完 2.看财务差异表 3.看管理员告警邮件,1.差异表无记录 也没收到邮件告警 2.问题被隐瞒,1.对账任务必须发现订单与流水不匹配 并入库差异表 + 邮件告警 + 钉钉告警,是,苏绍彰,后端-财务,2025-07-13,已关闭,2025-07-15,通过,全量比对 LEFT JOIN 流水表 IS NULL 记录到差异,ZW-EMS-M04-0128
BUG-EMS-0037,EMS-V2.0,权限登录,Token,用户登出后 立即使用旧token 请求学员接口 仍成功返回（token未立即失效 只能被动等过期24h）,一般,安全,SIT,管理员登录 然后登出 拿旧token,1.请求登录 拿token 2.POST登出 3.立刻用这个旧token GET学员列表,1.学员列表成功返回 200 data,1.登出后token加入Redis黑名单 1ms内生效,是,苏绍彰,后端-安全,2025-07-14,已关闭,2025-07-16,通过,自定义过滤器 先查Redis logout:{token} 存在就401,ZW-API-081 test_logout
BUG-EMS-0038,EMS-V2.0,智能排课,自动排课,自动排课触发后 数据库死锁：10分钟仍不出结果 JMeter线程一直阻塞,严重,性能,PERF,1000班级自动排课,1.校长触发全校自动排课,1.10分钟不出结果 2.DB SHOW PROCESSLIST 看到 3个事务 互相等待死锁,1.正常完成 无死锁 预计5分钟内出结果,偶发,苏绍彰,DBA+后端,2025-07-15,已关闭,2025-07-18,通过,统一排课顺序按classId ASC加锁 避免循环等待+事务超时120s,智能排课模块
BUG-EMS-0039,EMS-V2.0,报表,导出,报表大数据量导出（6万行） 接口HTTP 504超时 直接失败,一般,体验,SIT Nginx 超时60s,条件导出 6月 所有报名订单 6万行,1.点导出,1.60s后 Nginx返回504 Gateway timeout 2.用户重复点导致服务器资源耗尽,1.大导出异步任务 显示进度条 完成后系统消息+邮件给下载链接,是,苏绍彰,前后端,2025-07-16,已关闭,2025-07-20,通过,导出改为Async + EasyExcel 流式写+COS临时文件存7天,报表导出
BUG-EMS-0040,EMS-V2.0,权限,角色,创建角色的时候 权限保存 选择了"学员删除" 但没选"学员查看" 组合无效：没查看却有删除,一般,权限,SIT,角色管理 新增角色,1.新建角色 2.勾选 学员管理-删除 3.不勾选 学员管理-查看 4.保存 5.该角色用户登录,1.登录后 看不到学员列表 但直接请求删除接口 成功删除学员,1.依赖权限自动包含：删除/编辑必须 依赖查看+列表 2.不允许组合权限出现"只有子权限没有父权限",是,苏绍彰,后端-权限,2025-07-17,待验证,2025-07-19,通过,保存时 自动补全 父级权限+依赖权限,权限-角色
BUG-EMS-0041,EMS-V2.0,通用,SQL,全局过滤XSS时 把学员名"李国强" 错误地改成了"李**强"（把"国"字当成敏感词了）,一般,体验/SQL,SIT Chrome,学员姓名=李国强,1.保存 2.看列表,1.列表显示 李**强 被错误屏蔽,1.只屏蔽HTML标签 不拦截普通中文敏感词（应另外做文字审核组件不直接改内容）,是,苏绍彰,后端,2025-07-18,已关闭,2025-07-20,通过,XSS过滤改用Jsoup.clean 白名单方式,通用过滤
BUG-EMS-0042,EMS-V2.0,学员管理,详情,学员余额课时数 从明细聚合显示 小数位出现 30.000000000002 课时,一般,计算,SIT,多次转课+退费 浮点运算累计,1.学员详情 课时余额,1.显示 30.000000000002,1.课时字段用 BigDecimal 数据库 DECIMAL(10,2) 显示保留整数或2位小数,是,苏绍彰,后端,2025-07-19,已关闭,2025-07-21,通过,课时/金额 一律 BigDecimal 禁止 float/double,数据精度用例
BUG-EMS-0043,EMS-V2.0,报名缴费,定金,定金订单 超时未补尾款 定时任务 执行了 但订单状态没变成"已取消" 定金也没按规则 不退,一般,状态机,SIT 配置3天超期,1.3天前 创建定金订单 2.定时任务到点执行 手动触发,1.订单状态 仍然=待补尾款,1.3天后 订单=已取消 定金按约定不退（转入营业外收入）,是,苏绍彰,后端,2025-07-20,已关闭,2025-07-22,通过,定时任务 时间比较 用 <= 条件 之前用的= 漏掉很多,定金-状态机
BUG-EMS-0044,EMS-V2.0,教师H5,评价,教师提交的课堂评价 家长端小程序看到的文字内容 前后多了一些 转义字符 比如 小朋友&quot;真棒&quot;,轻微,体验,SIT,教师提交内容含双引号,1.教师评价：小朋友"真棒"！ 2.提交 3.家长端查看,1.显示为 小朋友&quot;真棒&quot;！,1.前端或后端做一次 HTML unescape 渲染,是,苏绍彰,前端,2025-07-21,已关闭,2025-07-22,通过,Vue v-html自动转义改成 过滤器decodeEntities,评价显示
BUG-EMS-0045,EMS-V2.0,报名缴费,发票,开票接口 税号不匹配 也能开 不调用税局校验API 最后财务红冲率高,一般,合规,SIT,开票抬头A有限公司 税号随便填18个数字,1.家长申请开票 2.税号与抬头不匹配 3.提交,1.开票成功 4.实际电子发票税局端显示 税号错误 财务红冲,1.必须对接 电子税局 企业信息一致性校验接口 不匹配 400拒绝,是,苏绍彰,财务组,2025-07-22,待验证,2025-07-24,通过,接入金税四期 企业抬头+税号 校验服务,ZW-EMS-M04-0066
BUG-EMS-0046,EMS-V2.0,权限,操作日志,审计日志中 关键操作 的 操作者IP 显示是 Nginx内网IP 192.168.1.210 而不是真实用户公网IP,一般,合规/审计,SIT Chrome F12 公网访问,公网IP: 222.216.1.x 任意操作删除,1.看审计日志 操作人IP 列,1.显示= 192.168.1.210 Nginx IP 无法定位真实人员,1.取 X-Forwarded-For 第一个IP 保存 审计日志 真实公网IP,是,苏绍彰,运维+后端,2025-07-23,已关闭,2025-07-25,通过,Nginx配置proxy_set_header X-Forwarded-For $proxy_add_x_forwarded_for; 后端取第0个,审计日志用例
BUG-EMS-0047,EMS-V2.0,学员管理,回收站,回收站 彻底删除学员 30天后自动清理 清理的学员 订单 变成外键孤儿 查报表 订单学员名都为空,一般,数据,SIT 构造回收站30天前数据,1.跑清理任务 2.看订单学员明细表,1.学员被硬删 订单学员姓名变空 关联不了,1.回收站清理学员 必须软删除 保留学员主数据基础字段（姓名、编码）供历史报表,是,苏绍彰,后端,2025-07-24,已关闭,2025-07-26,通过,回收站 学员归档到 history表 或一直保留 只是UI回收站清理,ZW-EMS-M02-0100
BUG-EMS-0048,EMS-V2.0,小程序,订单,小程序 订单详情 分享给微信好友 打开后 看到的是别的学员的订单详情（缓存key用的是订单号 不含用户）,严重,信息泄露,SIT 微信小程序,学员A订单号=2001 学员B订单=2002 同一个小程序 同一次冷启动,1.学员A 打开订单 2001 分享卡片给家长 2.家长点卡片 但是家长当前登录的是学员B 绑定账号 3.打开看,1.显示的订单内容是A的 2001 手机号、课时、缴费信息 都看到了,1.分享卡片链接 需要带签名 token 权限校验 打开分享人 必须与订单学员家长一致 或者 只能查看脱敏+只读信息,是,苏绍彰,小程序-林工,2025-07-25,已关闭,2025-07-28,通过,分享路径?orderId=xxx&sign=md5(orderId+openid+timestamp)&t=time 过期24h,ZW-EMS-M02-0155
BUG-EMS-0049,EMS-V2.0,报名缴费,转课,转课 原老师课酬 结转 新老师课酬 小数差 0.01 结转不平,轻微,财务,SIT,数学10节×10=1000 原老师课酬比例50%=500 转英语 10节×90=900 老师60%=540 0.01差,1.转课成功 2.看月末课酬报表 原老师-500 新老师+540 合计+40,1.中间金额误差 0.01 造成 合计科目借贷不平 差0.01,1.借贷差0.01 系统自动用"尾差调整科目"调平,是,苏绍彰,后端-财务,2025-07-26,已关闭,2025-07-29,通过,月末结转 最后一张凭证加尾差调整,ZW-EMS-M04-0058
BUG-EMS-0050,EMS-V2.0,性能,稳定性,24h稳定性测试 第18小时 出现OOM：OutOfMemoryError Metaspace（反射生成类过多）,严重,性能,PERF Soak测试,350并发×24h,1.持续监控Grafana 2.第18小时 Node2 节点 无响应 3.查hs_err.log,1.java.lang.OutOfMemoryError: Metaspace 384M满 2.Arthas sc -d 发现 12万动态代理类没卸载,1.7x24小时稳定 Metaspace OOM 0,是,苏绍彰,架构组,2025-08-05,已关闭,2025-08-06,通过,-XX:MaxMetaspaceSize=512m + 升级Spring +关闭CGLIB动态代理 用JDK动态代理,稳定性报告
BUG-EMS-0051,EMS-V2.0,报名缴费,优惠,优惠券过期日期 6月30日23:59:59 当天0点就已经不能用了 日期判断用了<当天,一般,边界,SIT,券过期日=6月30日 当天6月30日白天10点使用,1.订单 2.选择券,1.券列表不显示该券,1.过期日=6月30日 意思是 6月30日23:59:59 前都有效,是,苏绍彰,后端,2025-07-02,已关闭,2025-07-03,通过,日期判断 LocalDate.now().isAfter(expireDate.plusDays(1).atStartOfDay()),ZW-EMS-M04-0004
BUG-EMS-0052,EMS-V2.0,权限登录,密码,修改密码 允许和旧5次历史密码相同 违反等保2.0要求,一般,合规等保,SIT,管理员账号,1.改密码 123456aB! 2.再改回 Admin@123#（第一次密码）,1.成功通过,1.不允许和最近5次密码相同（等保要求）,是,苏绍彰,后端-安全,2025-07-04,待验证,2025-07-08,通过,存历史5次BCrypt哈希 修改时逐一比对,修改密码
BUG-EMS-0053,EMS-V2.0,通用,接口,任意接口 请求不带Accept 部分接口返回 application/octet-stream 下载乱码,轻微,协议,SIT Postman,Accept不设置 请求报表接口,1.请求,1.响应头Content-Type=octet-stream 浏览器提示下载,1.默认响应 Content-Type=application/json;charset=UTF-8,是,苏绍彰,后端,2025-07-11,已关闭,2025-07-11,通过,WebMvcConfigurer 配置默认 contentType,通用-响应规范
BUG-EMS-0054,EMS-V2.0,学员管理,打印,学员档案 打印 浏览器 打印预览 分页时 一张表被截断 两行字 在两页纸 分开了,轻微,打印,SIT Chrome打印 A4纸,学员档案 内容较多 4页,1.打印→另存PDF 2.看第2页末尾,1.表格第3行字 被分页截成两半 上半页第2页 下半第3页,1.用page-break-inside:avoid 控制元素不分页,是,苏绍彰,前端,2025-07-12,已关闭,2025-07-15,通过,CSS 打印样式 @media print 设置相关样式,ZW-EMS-M02-0080
BUG-EMS-0055,EMS-V2.0,教师H5,作业,教师发布的作业附件 非本班学员 构造URL 也能下载 附件没有签名防盗链,严重,安全-资源,SIT,COS 附件,教师A发布附件 直链 http://cos.xxx/a.pdf 不过期,1.学员B（别的班级）拿到URL 浏览器直接访问,1.可以直接下载 PDF 没有权限校验,1.所有附件使用 COS 预签名 URL 过期时间=1小时,是,苏绍彰,COS运维,2025-07-14,已关闭,2025-07-17,通过,统一用 COS generatePresignedUrl 有效期3600s,上传下载
BUG-EMS-0056,EMS-V2.0,通用,审计,审计日志没有记录 失败的操作（比如删除失败） 违规删除尝试无法追溯,一般,合规,SIT,尝试删除有订单学员 会失败,1.删除学员3001（有订单） 失败 2.查审计日志,1.无任何日志记录 2.尝试多次失败 都没记录,1.不论成功失败 敏感操作都要记录失败原因 操作者IP等,是,苏绍彰,后端,2025-07-18,已关闭,2025-07-20,通过,AOP @Around 捕获return+throwing 两种情况都记录,审计-操作日志
BUG-EMS-0057,EMS-V2.0,报名缴费,支付,支付宝异步回调 也和微信同样签名验签 但签名算法RSA2 支付宝公钥配置了测试公钥 生产回调不通过,一般,配置,SIT 切换生产公钥前,1.生产环境 支付宝支付回调 2.验签,1.每次验签失败 订单不更新 一直待支付,1.每个环境 支付宝公钥/私钥 放在环境配置中心 不在代码写死,是,苏绍彰,运维+后端,2025-07-22,已关闭,2025-07-24,通过,Nacos配置中心各环境独立密钥 启动时healthcheck校验配置正确性,支付宝支付
BUG-EMS-0058,EMS-V2.0,小程序,课表,小程序 学员 课程请假后 课表页面仍然显示已排课 状态不是"已请假" 老师看不到请假记录,一般,数据,SIT,课程 请假 审核通过后,1.学员、老师端 查课表 当天,1.学员端课表 仍然显示已排课 没有请假标识 老师也不知道,1.两端都要刷新为"请假" 老师考勤自动跳过该学员,是,苏绍彰,两端开发,2025-07-25,已关闭,2025-07-28,通过,请假审核通过后发送MQ 两节课表缓存做失效,CQRS一致性
BUG-EMS-0059,EMS-V2.0,学员管理,导入,导入Excel 中 手机号 是科学计数法 1.38001E+10 被当成字符串 入库失败,一般,导入,SIT Excel中长数字,Excel中手机号列没有设为文本,1.导入,1.手机=1.38001E+10 入库失败 报格式错误,1.解析时 处理BigDecimal.toPlainString() 并转11位数字,是,苏绍彰,后端,2025-07-28,已关闭,2025-07-30,通过,EasyExcel Converter 自定义数字转字符串,学员导入
BUG-EMS-0060,EMS-V2.0,财务,关账,7月关账后 依然可以录入 7月 财务开始日期的 退费单 造成7月已结账数据变动,严重,合规,SIT,6月结账后 今天7月,1.退费 日期 选 6月20日 保存,1.保存成功 2.7月重算6月报表 数字变了 和已结账凭证不符,1.6月已关账 任何涉及6月财务日期单据 一律拒绝 或记到当前月（7月）做"追溯调整"备注,是,苏绍彰,后端-财务,2025-07-29,已关闭,2025-08-01,通过,关账表period_status=CLOSED 拦截所有会计期间<当前的单据保存,ZW-EMS-M04-0068
BUG-EMS-0061,EMS-V2.0,系统设置,字典,字典缓存 修改字典后 Redis缓存未失效 前端显示旧值 要等到第2天,一般,缓存,SIT,修改来源地推→地推营销,1.保存字典 2.登录查看学员来源,1.还是显示老的 地推 直到重启或TTL过期,1.字典修改后主动 删除 Redis 相关缓存 key,是,苏绍彰,后端,2025-07-30,已关闭,2025-08-01,通过,@CacheEvict(allEntries=true) 注解在字典保存更新方法,字典缓存
BUG-EMS-0062,EMS-V2.0,报名缴费,催缴,手动催缴按钮 无限点 同一订单 连续发 模板消息 家长1小时内收到12条 投诉,一般,限流,SIT,销售快速点20次,订单详情 催缴按钮,1.快速点击20次,1.家长端 20条一模一样催缴微信消息,1.同订单 催缴 限流 1小时1次 + 按钮loading前端防抖,是,苏绍彰,后端+前端,2025-07-31,已关闭,2025-08-02,通过,Redis rateLimit key=enroll_remind:{orderId} ttl=3600s,ZW-EMS-M04-0092
BUG-EMS-0063,EMS-V2.0,权限,Token,refresh token 可以无限次 反复刷新 一直不过期 违反JWT安全规范,一般,安全,SIT,拿到refresh token,1.持续每天 刷新一次 refresh token 一直能用,1.30天后 refresh token 仍然有效 用户离职后 token 永不过期风险,1.refresh token 最长有效期 7天 且 每次刷新 旧refresh失效 只换新的一次,是,苏绍彰,后端-安全,2025-08-01,已关闭,2025-08-04,通过,refresh token存Redis 过期7天 刷新时 DEL 旧 SET 新,双Token机制
BUG-EMS-0064,EMS-V2.0,学员管理,跟进,跟进记录 删除按钮 没权限的销售也能 看到 删除别人的按钮 点一下提示无权限,轻微,体验,SIT,销售02 看销售01的跟进,1.销售02登录 看别人写的跟进记录,1.每条跟进 右边都有 删除按钮 图标 2.点删除 才提示无权限,1.没权限 就不显示删除按钮 隐藏,是,苏绍彰,前端,2025-08-02,已关闭,2025-08-04,通过,v-if= record.createBy==currentUser or hasRole('admin'),跟进-删除按钮权限
BUG-EMS-0065,EMS-V2.0,报名缴费,支付,余额支付 余额刚好等于 订单金额0.01 差 会有0.01无法支付 提示余额不足,轻微,精度,SIT,余额=1800.00 订单=1800.00 浮点,1.订单 余额支付,1.提示余额不足 看余额1800订单1800,1.金额比较 BigDecimal compareTo 差额在±0.005内算相等,是,苏绍彰,后端,2025-08-03,已关闭,2025-08-05,通过,余额计算全部BigDecimal ROUND_HALF_UP 2位,ZW-EMS-M04-0104
BUG-EMS-0066,EMS-V2.0,小程序,登录,同一手机号 换绑了另一个微信号 openid 新号登录后 还是看到旧openid绑定的学员 解绑未清理缓存,一般,数据,SIT,同一手机,1.旧微信绑定手机 2.解绑 3.新微信绑定同手机,1.登录,1.看到旧openid绑定的非当前子女,1.绑定成功 清理缓存 强制按新openid+手机查询,偶发,苏绍彰,小程序,2025-08-04,待验证,2025-08-06,通过,openid和手机号 绑定关系1:N 清除旧缓存,微信绑定
BUG-EMS-0067,EMS-V2.0,学员管理,合并,合并重复学员 2个重复学员 各自有10条跟进记录 合并后 跟进记录 createBy 都被改成了 操作人 不是原跟进人,一般,数据一致性,SIT,销售01 10条 销售02 10条,1.管理员 合并 学员A和B,1.合并后 20条跟进记录 createBy全部=当前管理员,1.合并后每条操作的 createBy、createTime 都保留原作者 不做修改,是,苏绍彰,后端,2025-08-05,已关闭,2025-08-07,通过,SQL合并时 INSERT ... SELECT 保留原createBy,ZW-EMS-M02-0097
BUG-EMS-0068,EMS-V2.0,报表,课酬,教师课酬 班级跨月结转 月末未上完的整期课 预提课酬算法 四舍五入 导致和实际实发 0.03元差异,轻微,财务,SIT 跨月班级,班级 6月28 29 30 7月2 3 共5课时,1.6月课酬 计算 预提3/5,1.6月报表 +7月报表 合计实发 和总课酬 差 0.03元,1.最后一期发放时 尾差调整 计入最后一月,是,苏绍彰,财务,2025-08-06,已关闭,2025-08-08,通过,最后一次=总应发-历史已计提,课酬
BUG-EMS-0069,EMS-V2.0,权限,菜单,账号设置了 仅琅东校区 顶部的切换校区下拉框 还显示了 全部 5个校区 选中后 虽然查不出数据 但UI误导,轻微,体验,SIT,琅东校长账号,1.顶部校区下拉,1.显示5个校区 2.选东葛后 数据全空,1.仅显示 有权限的校区 或 全部（仅看自己的）,是,苏绍彰,前端,2025-08-07,已关闭,2025-08-09,通过,computed filterCampusOptions 根据user.campusIds过滤,顶部切换
BUG-EMS-0070,EMS-V2.0,性能,数据库,500并发下 MySQL出现 大量LOCK_WAIT_TIMEOUT 超30s 最后回滚（报名接口扣减班级名额）,严重,性能,PERF JMeter,报名500并发 10分钟持续,1.压测 2.看show engine innodb status,1.行锁等待时间=50s 2.很多请求回滚 3.错误率飙升到8%,1.班级名额 用 Redis 原子扣减 预扣后 异步落库 DB只记账,是,苏绍彰,架构+DBA,2025-07-25,已关闭,2025-08-01,通过,热点扣减 全量Redis DECR 最终一致异步同步DB,DB锁优化
BUG-EMS-0071,EMS-V2.0,权限登录,验证码,图形验证码 图片可以被识别脚本 Tesseract OCR 100% 识别,一般,安全,SIT OCR测试,图形验证码,1.保存100张 2.用Tesseract识别 3.对比结果,1.96/100 正确识别,1.改成滑动拼图点选 验证码 + 点击次数+坐标加密 提高OCR难度,是,苏绍彰,安全,2025-07-20,已关闭,2025-07-24,通过,AJ-Captcha 行为验证码,登录
BUG-EMS-0072,EMS-V2.0,报名缴费,支付,支付成功 微信模板消息 通知家长 发送时 订单金额显示 是 分 不是元 显示 ¥180000 实际1800元,一般,体验,SIT 订单1800元,家长缴费微信支付 成功,1.家长收到模板消息 2.看金额字段,1.显示 ¥180000.00 吓家长一跳,1.微信回调时 totalFee是分 模板消息必须 ÷100 转元再格式化,是,苏绍彰,后端-消息,2025-07-18,已关闭,2025-07-19,通过,模板消息 金额统一 MoneyFormat fen2yuan,模板消息
BUG-EMS-0073,EMS-V2.0,小程序,支付,小程序 支付完成 点取消 不支付 返回订单详情 订单状态 一会显示 已支付 一会显示 未支付 缓存脏读,轻微,体验,SIT 弱网,小程序点支付 取消 再打开订单,1.反复 3次 2.看订单状态,1.状态在 已支付 待支付 反复横跳,1.订单详情 禁止浏览器/小程序缓存 Cache-Control: no-cache,是,苏绍彰,小程序+后端,2025-07-30,已关闭,2025-08-01,通过,HTTP响应头加 Cache-Control: no-store + 小程序请求header禁止缓存,小程序订单详情
BUG-EMS-0074,EMS-V2.0,智能排课,教室,排课 教室 容量 50人 班级 30人 + 另一班级 30人 共60人 也排进同一个教室了 容量限制没校验,一般,约束,SIT,教室A容量=50,1.自动排课 同时有2个班 30人 排到同一教室同一时段,1.排进去了,1.教室按容量 过滤 不允许>容量,是,苏绍彰,后端-排课,2025-07-22,已关闭,2025-07-25,通过,排课规则 加上 教室容量 维度校验,智能排课-教室
BUG-EMS-0075,EMS-V2.0,学员管理,跟进,批量设置下次跟进提醒 提醒时间 传了空值 全部变成了 1970-01-01 08:00 每天早上8点 疯狂发系统消息 9000条,严重,告警,SIT,批量设置500条 时间输入没填,1.批量-设置跟进提醒 时间不填 点确定,1.500条 提醒时间=null 被转成了 时间戳0=1970 2.定时任务 每分钟都判定 过期了要发 循环发 3小时发了9000+消息给销售,1.提醒时间空值 不创建定时任务 并提示必填 2.发送消息前再判一次 remindTime>now 并加每日最多N条限流,是（批量触发）,苏绍彰,后端+消息,2025-07-17,已关闭,2025-07-20,通过,提醒保存前 非空校验 remindTime 必须>now+5min,跟进-提醒
BUG-EMS-0076,EMS-V2.0,报名缴费,支付,微信支付-对账时 发现 订单已成功 但商户号 收到钱 比 订单金额少 1分钱 因为 微信支付规则 四舍五入 但系统存的 精确到分 导致对账不平,轻微,财务对账,SIT 金额 10.005 元 分进位,订单实付 10.005 ×100=1000.5厘,1.微信实际收1001厘=10.01元 系统记10元 对不上,1.订单金额在下单时 按央行规则 保留 2位小数 四舍五入到分 禁止出现3位小数,是,苏绍彰,后端-财务,2025-07-27,已关闭,2025-07-29,通过,金额类型强制 DECIMAL(12,2) + 业务层 RoundingMode.HALF_UP,金额精度
BUG-EMS-0077,EMS-V2.0,学员管理,标签,批量打标签 10条 重复打 同一个【高意向】标签 学员标签关联表 出现重复10行 列表标签显示 10个高意向,一般,数据,SIT 10条 都打高意向,1.批量-打标签 高意向 2.再做一次 同样操作,1.标签关联表 出现20条 重复数据,1.INSERT IGNORE 或 UNIQUE KEY(student_id, tag_id) 防重复,是,苏绍彰,后端,2025-07-08,已关闭,2025-07-10,通过,DB 唯一索引 + Mybatis insertOrUpdate,标签-批量
BUG-EMS-0078,EMS-V2.0,报名缴费,订单,小程序-家长 代另一个子女报名 createBy 还是 第一个孩子的家长id 导致 财务 销售归属错误,一般,数据,SIT 家长名下2个学员 A B,1.家长给A报名 2.马上给B报名,1.订单B的 归属销售 是A原来跟进的销售 不是B真实跟进人,2.报表错乱,1.报名提交时 明确传 studentId → 查找学员归属销售 而不是取缓存的上次的销售,是,苏绍彰,后端,2025-07-12,已关闭,2025-07-14,通过,提交报名前 强制 查一次student.followUserId 作为createBy/归属销售,多学员家长
BUG-EMS-0079,EMS-V2.0,小程序,成长档案,学员成长档案 分享的公开链接 任何人不登录 都可以看到 学员姓名 头像 家长手机号 生日 学校等敏感信息,严重,隐私,SIT 分享链接,分享的档案链接,1.任何人 复制链接 浏览器匿名模式打开,1.全部信息 2.家长隐私泄露,1.分享链接 24h 过期 + 必须 微信授权后才能看（即使分享也要同账号体系）,是,苏绍彰,小程序,2025-07-29,已关闭,2025-08-02,通过,链接带随机签名 + 过期时间 查看必须授权 记录查看人openid,档案-分享
BUG-EMS-0080,EMS-V2.0,财务,月结,月结后 生成的月结报表 和 手工 Excel 核对 发现 教师课酬 小数 尾差 每月累计 3个月累计 达到 0.54元 财务月结单 不平,轻微,财务精度,SIT 3个月数据,3个月后 总账 0.54元差,1.课酬明细表合计 2.总账合计,1.借贷不平 0.54元,1.每条教师课酬凭证 做 尾差 汇总 在月结时 一次性 调平到 管理费用-其他,是,苏绍彰,财务,2025-08-03,已关闭,2025-08-07,通过,存储过程 每月末 执行调平 差异<1元 自动调平,财务精度
BUG-EMS-0081,EMS-V2.0,学员管理,筛选,学员列表 高级筛选 自定义字段组合 选了 剩余课时<5 没填数字 提交 变成 课时<所有（返回了全部）,轻微,体验,SIT Chrome,学员列表,1.打开高级筛选 2.条件=剩余课时< 值空着 3.确定,1.返回了全部学员,1.条件为空的 视为用户未填 该条件不参与查询 提示：请填写剩余课时数值,是,苏绍彰,前端,2025-07-23,已关闭,2025-07-25,通过,JS 组装查询条件前 判空 filter.value!=null&&value!=='',高级筛选
BUG-EMS-0082,EMS-V2.0,权限,数据权限,数据权限 SQL AOP 切面 执行顺序晚于 PageHelper分页 导致总数total对 但records为空,一般,功能缺陷,SIT,数据权限角色 分页查询,1.校长登录 第一页有数据 第二页查 2.看返回JSON,1.total=3000 正确 records=[] 空列表,1.AOP切面 order=Ordered.HIGHEST_PRECEDENCE 在分页前注入数据权限SQL,是,苏绍彰,后端,2025-07-15,已关闭,2025-07-17,通过,MybatisPlus Interceptor 顺序 先 DataScope 再 Pagination,分页AOP
BUG-EMS-0083,EMS-V2.0,教师H5,课表,教师课表H5 早上9点到10点 两节课 09:00-10:30 超长 跨了两个课时格 UI 显示 重叠了 文字看不清,轻微,UI,SIT Safari iOS 16,课表 长1.5小时的课,1.老师查看课表,1.该课块和下一节课 叠在一起,1.按实际分钟 动态计算 grid-row-start / end span,是,苏绍彰,前端H5,2025-07-16,已关闭,2025-07-19,通过,课表组件重写 改为 分钟粒度绝对定位,教师H5课表
BUG-EMS-0084,EMS-V2.0,智能排课,AI,AI自动排课 有 教室设备要求 物理实验室=物理课 被忽略 把化学课排到了 物理实验室,一般,规则,SIT 教室标签,教室A 标签=物理实验 化学课 标签=化学实验,1.AI自动排课 2.查看结果,1.化学课排进了物理实验室,1.AI排课 适应度函数 加入 教室设备 加权惩罚 1000分,是,苏绍彰,算法,2025-07-19,已关闭,2025-07-23,通过,适应度函数 新增 rules 第6条 设备兼容性,AI排课
BUG-EMS-0085,EMS-V2.0,系统,公告,系统公告 顶部跑马灯 发布后 所有用户都可以 关闭按钮关掉 但下次登录 又显示 永远关闭不了,一般,体验,SIT Chrome,发布了重要通知,1.关掉通知 2.刷新/重登,1.通知再次出现,1.提供 7天内不再显示 勾选框 localStorage 记录 关闭时间,是,苏绍彰,前端,2025-08-01,已关闭,2025-08-03,通过,localStorage 存 dismissed_notice_{id}:timestamp,公告
BUG-EMS-0086,EMS-V2.0,权限,操作日志,操作日志 清空功能 管理员也能一键清空 清空后 没有任何 操作痕迹 审计风险,严重,合规,SIT 管理员账号,系统-审计日志,1.点【清空日志】 2.确认 3.日志列表空了 4.数据库也没了,1.审计日志被清空 不留下痕 违反等保2.0 至少保存6个月,1.审计日志 只能查询 不能修改 不能删除 物理归档到冷存储 2年,是,苏绍彰,安全+DBA,2025-08-02,已关闭,2025-08-05,通过,REVOKE DELETE,UPDATE ON sys_log FROM 'all'  仅INSERT,审计日志合规
BUG-EMS-0087,EMS-V2.0,报名缴费,发票,发票冲红后 订单的发票状态 还是"已开票" 家长还能再申请 电子发票重复开,一般,合规,SIT,订单已开票 然后冲红,1.财务后台冲红发票 2.家长小程序 申请开票,1.家长还能再申请 且显示发票状态已开票 可以下载旧的（无效）,1.冲红后 订单状态=已冲红 家长端 显示【重新申请开票】 原发票链接失效,是,苏绍彰,财务,2025-07-24,已关闭,2025-07-28,通过,发票状态枚举 INVOICED→RED_FLUSHED 状态流转,发票冲红
BUG-EMS-0088,EMS-V2.0,权限登录,SSO,等保要求 密码90天过期 强制修改 修改后 所有端 都要强制重新登录,一般,等保合规,SIT,管理员密码设置 100天前,1.登录 2.跳修改密码 3.改完,1.手机端、小程序、PC 登录状态都失效 要重新登录,1.修改成功后 清空该用户 所有Redis token 重新登录,是,苏绍彰,后端-安全,2025-08-03,已关闭,2025-08-06,通过,Redis keys user_tokens:{userId} 删除所有 关联该用户的,密码过期
BUG-EMS-0089,EMS-V2.0,报名缴费,优惠,团购3人团 2人支付成功1人超时 团解散 已付的2人 退款到账晚了3天 没及时通知 客户投诉,一般,体验,SIT 团购3人,3人团 2人付 1人48h未付,1.48h后 系统解散团 2.查退款 3.查消息,1.已退款 但2人 没有收到任何微信/短信通知,1.团购解散时 必须同时 发起退款 并 发 退款到账通知 + 原因说明,是,苏绍彰,消息组,2025-08-05,已关闭,2025-08-07,通过,团超时解散 Job → 退款MQ → 通知MQ 事务消息,团购解散
BUG-EMS-0090,EMS-V2.0,学员管理,批量,批量导入 失败记录 下载的Excel 第5列 中文原因 被Windows Excel打开 乱码 显示为 缂佸埄 濞变箰,轻微,编码,SIT Excel2016,导入失败20条 下载失败明细.xlsx,1.下载 2.直接双击 Excel打开,1.中文全部 乱码,1.下载文件编码 UTF-8 BOM（\uFEFF前缀）或者 用xlsx格式 非csv,是,苏绍彰,后端,2025-07-06,已关闭,2025-07-09,通过,EasyExcel 写回 xlsx 格式 非csv 加BOM,导入明细导出
BUG-EMS-0091,EMS-V2.0,报名缴费,订单,订单导出 CSV 订单号=18位 数字 用Excel打开 变成科学计数法 后3位变000 数据丢失,严重,体验/SQL,SIT Excel,订单号 ZW...（长数字字符串）,1.订单导出CSV 2.Excel打开,1.订单号=2.02E+17 后3位000 真实订单号丢失,1.导出CSV 在订单号单元格 前加 制表符 "\t" 或 设置单元格格式=文本,是,苏绍彰,后端,2025-07-09,已关闭,2025-07-11,通过,EasyExcel 长数字字段 加入 WriteHandler 设置为TEXT,订单导出
BUG-EMS-0092,EMS-V2.0,财务,凭证,自动生成凭证 摘要过长（>80字） 财务系统 对接 凭证 抛错 导致 每日凭证 失败 财务手工重做,轻微,接口,SIT 摘要85字,1.报名 生成凭证 2.抛给金蝶,1.金蝶接口报错 摘要超长 凭证失败,1.凭证摘要 自动截断 80字 末尾加...,凭证对接,是,苏绍彰,财务接口,2025-08-06,已关闭,2025-08-08,通过,StringUtils.abbreviate(summary, 80),金蝶凭证对接
BUG-EMS-0093,EMS-V2.0,性能,全链路,压测时 发现 短信验证码 接口TPS=12就到顶了 因为第三方短信渠道 限速 1条/秒 100并发全报错,一般,依赖,SIT PERF 压测,100并发 发验证码,1.第13条 全失败 第三方返回 频率超限,1.系统层 加入 验证码限流 匹配第三方QPS 错峰排队 或 测试环境 走 验证码Mock返回,是,苏绍彰,运维,2025-07-12,已关闭,2025-07-15,通过,Profile:test MockSmsSender 直接返回成功 不真实发,短信第三方
BUG-EMS-0094,EMS-V2.0,权限登录,日志,登录失败日志 只有 失败用户名 没有 输入密码前3后2 位数 无法判断 是否撞库 攻击,一般,安全审计,SIT 多次失败登录,1.看登录失败日志,1.只有用户名 无密码特征,1.保存 密码 前3后2 中间*** 如 "123***78" 用于 撞库模式识别（密码都是同一个）,是,苏绍彰,安全,2025-07-28,已关闭,2025-07-30,通过,失败日志 脱敏记录 passwordHint=前3后2,登录审计
BUG-EMS-0095,EMS-V2.0,小程序,家长,家长投诉 每天 20:00 整 会收到 催缴提醒 但 自己已经缴了费了 订单状态=已缴费,一般,体验,SIT 定时任务,家长 已缴费 课时充足,1.20:00 定时任务 跑 催缴 2.看 微信消息,1.收到了 催缴消息,1.催缴任务 查询条件 要 加入 status!=已缴费  AND 余额<10 课时,是,苏绍彰,后端-Job,2025-08-01,已关闭,2025-08-03,通过,SQL查询 WHERE status='待支付' OR remain_hours<10,催缴定时
BUG-EMS-0096,EMS-V2.0,报名缴费,退费,退费审核通过后 微信退款 因为 商户 微信 退款 余额不足 失败 但系统订单 状态变成了"已退款" 家长没收到钱 钱也没退回,严重,资金,SIT 微信商户余额 0元 但退款1800元,1.财务审核通过 2.系统调微信退款 3.微信返回 余额不足 失败,1.系统订单状态=已退款 2.财务没收到失败通知 也没做处理,1.微信返回 失败 订单状态=退款失败 并 发 钉钉告警 财务群 跟进 3次重试失败后 人工介入,是,苏绍彰,后端+财务,2025-07-31,已关闭,2025-08-04,通过,退款状态机：REFUND_PROCESSING→REFUND_FAILED 重试3次+告警,退款-资金
BUG-EMS-0096a,EMS-V2.0,报名缴费,支付,组合支付 同时调用 微信+余额 扣款 微信成功 但余额数据库 死锁 回滚 造成 微信扣了 余额没扣 用户少付了钱,严重,资金,SIT 模拟余额DB锁超时,组合支付 微信1000+余额800,1.提交支付 2.模拟余额扣减时DB超时,1.微信扣了1000 余额 回滚 没扣800 订单变成已支付 实际公司少收800,1.分布式事务 TCC 或 本地消息表：余额扣减失败 自动撤销 微信退款 保证 最终一致,是,苏绍彰,后端,2025-07-14,已关闭,2025-07-20,通过,Seata AT模式 组合支付 两阶段提交 + 对账兜底,分布式事务 ZW-EMS-M04-0012
